post_id,title,gold_label
5tir5d,North Korea 'conducts missile test',THREAT
6p3sbo,Morales aside would you rather be dictator of North Korea or king of Saudi Arabia?,NEUTRAL
6qc3ju,The Korean Peninsula within the Framework of US Global Hegemony,NEUTRAL
6wrezk,North Korea launches MISSILE ATTACK towards Japan,THREAT
6x0s32,'' North Korea links latest missile launch to Japan’s annexation of Korea over a century ago. Even some South Koreans will like that.'',NEUTRAL
8jj9xl,Satellite images show North Korea dismantling its nuclear test site,NEUTRAL
8lrsbp,North Korea 'destroys' nuclear test site as world's media watches | The Guardian,DIPLOMACY
98tk6o,"No homeless in Pyongyang, says North Korean defector",HUMANITARIAN
bkfujs,Report: North Korea test fires short range missile,THREAT
bqz7af,평양에서온 미국의사 An American Doctor From North Korea | 6-time-visit to Pyongyang,NEUTRAL
c85llr,Kim Jong Un has President Trump all figured out,NEUTRAL
